{
	"credit": "Cezij",
	"parent": "",
	"texture_size": [32, 32],
	"textures": {
		"0": "csmp:blocks/gra1",
		"1": "csmp:blocks/gra2",
		"particle": "csmp:blocks/gra1"
	},
	"elements": [
		{
			"from": [2, 2, 0],
			"to": [8, 11, 13],
			"faces": {
				"north": {"uv": [0, 9, 3, 13.5], "texture": "#0"},
				"east": {"uv": [0, 0, 6.5, 4.5], "texture": "#0"},
				"south": {"uv": [3, 9, 6, 13.5], "texture": "#0"},
				"west": {"uv": [0, 4.5, 6.5, 9], "texture": "#0"},
				"up": {"uv": [9.5, 6.5, 6.5, 0], "texture": "#0"},
				"down": {"uv": [9.5, 6.5, 6.5, 13], "texture": "#0"}
			}
		},
		{
			"from": [-2, 11, 1],
			"to": [3, 13, 13],
			"faces": {
				"north": {"uv": [5, 2, 7.5, 3], "texture": "#1"},
				"east": {"uv": [5, 0, 11, 1], "texture": "#1"},
				"south": {"uv": [5, 3, 7.5, 4], "texture": "#1"},
				"west": {"uv": [5, 1, 11, 2], "texture": "#1"},
				"up": {"uv": [2.5, 6, 0, 0], "texture": "#1"},
				"down": {"uv": [5, 0, 2.5, 6], "texture": "#1"}
			}
		}
	],
	"display": {
		"thirdperson_righthand": {
			"translation": [0, 11.5, 8.5]
		}
	}
}