{"parent":"minecraft:item/handheld","textures":{"layer0":"minecraft:item/netherite_sword"},"overrides":[{"model":"csmp:item/blue_light_saber","predicate":{"custom_model_data":1}},{"model":"csmp:item/green_light_saber","predicate":{"custom_model_data":2}},{"model":"csmp:item/gold_light_saber","predicate":{"custom_model_data":3}},{"model":"csmp:item/orange_light_saber","predicate":{"custom_model_data":4}},{"model":"csmp:item/purple_light_saber","predicate":{"custom_model_data":5}},{"model":"csmp:item/red_light_saber","predicate":{"custom_model_data":6}}]}