{"minecraft:diamond":{"csmp:item/blue_kyber_crystal":1,"csmp:item/gold_kyber_crystal":2,"csmp:item/green_kyber_crystal":3,"csmp:item/orange_kyber_crystal":4,"csmp:item/purple_kyber_crystal":5,"csmp:item/red_kyber_crystal":6},"minecraft:porkchop":{"csmp:item/cocaine":1,"csmp:item/meth":2,"csmp:item/crystal_meth":3},"minecraft:netherite_sword":{"csmp:item/blue_light_saber":1,"csmp:item/gold_light_saber":2,"csmp:item/green_light_saber":3,"csmp:item/orange_light_saber":4,"csmp:item/purple_light_saber":5,"csmp:item/red_light_saber":6,"csmp:item/two_sided_blue_light_saber":7,"csmp:item/two_sided_gold_light_saber":8,"csmp:item/two_sided_green_light_saber":9,"csmp:item/two_sided_orange_light_saber":10,"csmp:item/two_sided_purple_light_saber":11,"csmp:item/two_sided_red_light_saber":12,"csmp:item/cross_guard":13},"minecraft:stick":{"csmp:item/blaster":1}}