{"parent":"minecraft:item/generated","textures":{"layer0":"minecraft:item/diamond"},"overrides":[{"model":"csmp:item/blue_kyber_crystal","predicate":{"custom_model_data":1}},{"model":"csmp:item/gold_kyber_crystal","predicate":{"custom_model_data":2}},{"model":"csmp:item/green_kyber_crystal","predicate":{"custom_model_data":3}},{"model":"csmp:item/orange_kyber_crystal","predicate":{"custom_model_data":4}},{"model":"csmp:item/purple_kyber_crystal","predicate":{"custom_model_data":5}},{"model":"csmp:item/red_kyber_crystal","predicate":{"custom_model_data":6}}]}