{"parent":"minecraft:item/handheld","textures":{"layer0":"minecraft:item/netherite_sword"},"overrides":[{"model":"csmp:item/blue_light_saber","predicate":{"custom_model_data":1}},{"model":"csmp:item/gold_light_saber","predicate":{"custom_model_data":2}},{"model":"csmp:item/green_light_saber","predicate":{"custom_model_data":3}},{"model":"csmp:item/orange_light_saber","predicate":{"custom_model_data":4}},{"model":"csmp:item/purple_light_saber","predicate":{"custom_model_data":5}},{"model":"csmp:item/red_light_saber","predicate":{"custom_model_data":6}},{"model":"csmp:item/two_sided_blue_light_saber","predicate":{"custom_model_data":7}},{"model":"csmp:item/two_sided_gold_light_saber","predicate":{"custom_model_data":8}},{"model":"csmp:item/two_sided_green_light_saber","predicate":{"custom_model_data":9}},{"model":"csmp:item/two_sided_orange_light_saber","predicate":{"custom_model_data":10}},{"model":"csmp:item/two_sided_purple_light_saber","predicate":{"custom_model_data":11}},{"model":"csmp:item/two_sided_red_light_saber","predicate":{"custom_model_data":12}},{"model":"csmp:item/cross_guard","predicate":{"custom_model_data":13}}]}